-- phpMyAdmin SQL Dump
-- version 4.8.0.1
-- https://www.phpmyadmin.net/
--
-- Host: 127.0.0.1
-- Generation Time: Jun 19, 2018 at 06:41 PM
-- Server version: 10.1.32-MariaDB
-- PHP Version: 7.2.5

SET SQL_MODE = "NO_AUTO_VALUE_ON_ZERO";
SET AUTOCOMMIT = 0;
START TRANSACTION;
SET time_zone = "+00:00";


/*!40101 SET @OLD_CHARACTER_SET_CLIENT=@@CHARACTER_SET_CLIENT */;
/*!40101 SET @OLD_CHARACTER_SET_RESULTS=@@CHARACTER_SET_RESULTS */;
/*!40101 SET @OLD_COLLATION_CONNECTION=@@COLLATION_CONNECTION */;
/*!40101 SET NAMES utf8mb4 */;

--
-- Database: `salepoint`
--

-- --------------------------------------------------------

--
-- Table structure for table `admin`
--

CREATE TABLE `admin` (
  `id` int(11) NOT NULL,
  `AdminID` int(11) NOT NULL,
  `password` varchar(255) NOT NULL
) ENGINE=InnoDB DEFAULT CHARSET=latin1;

--
-- Dumping data for table `admin`
--

INSERT INTO `admin` (`id`, `AdminID`, `password`) VALUES
(1, 200, 'senior');

-- --------------------------------------------------------

--
-- Table structure for table `bilids_t`
--

CREATE TABLE `bilids_t` (
  `id` int(11) NOT NULL,
  `BillId` int(11) NOT NULL,
  `DateandTime` datetime NOT NULL DEFAULT CURRENT_TIMESTAMP
) ENGINE=InnoDB DEFAULT CHARSET=latin1;

--
-- Dumping data for table `bilids_t`
--

INSERT INTO `bilids_t` (`id`, `BillId`, `DateandTime`) VALUES
(1, 1, '2017-09-21 09:31:35'),
(2, 2, '2017-09-24 14:57:18'),
(7, 3, '2017-12-18 11:35:10'),
(8, 4, '2017-12-21 23:01:56'),
(17, 5, '2017-12-25 17:36:28'),
(18, 6, '2017-12-27 18:50:45'),
(19, 7, '2017-12-30 15:15:36'),
(20, 8, '2018-01-04 15:25:22'),
(21, 9, '2018-01-09 18:51:08'),
(22, 10, '2018-02-10 22:37:06'),
(23, 11, '2018-02-20 14:53:55'),
(24, 12, '2018-02-20 15:52:07'),
(25, 13, '2018-02-20 16:19:51'),
(26, 14, '2018-02-20 16:20:28'),
(27, 15, '2018-02-20 16:21:53'),
(28, 16, '2018-02-20 16:24:44'),
(29, 17, '2018-02-20 16:25:23'),
(30, 18, '2018-02-20 19:00:07'),
(31, 19, '2018-02-25 18:47:56'),
(32, 20, '2018-02-26 10:50:01'),
(33, 21, '2018-03-21 10:09:09'),
(34, 22, '2018-04-03 01:24:08'),
(35, 23, '2018-04-03 01:28:08'),
(36, 24, '2018-04-17 13:41:12'),
(37, 25, '2018-04-20 14:38:54'),
(38, 26, '2018-04-20 15:55:39'),
(39, 27, '2018-04-20 16:04:27');

-- --------------------------------------------------------

--
-- Table structure for table `bill_t`
--

CREATE TABLE `bill_t` (
  `CashierID` int(4) NOT NULL,
  `CashierName` varchar(255) NOT NULL,
  `BillId` int(11) NOT NULL,
  `total` float NOT NULL,
  `date` varchar(255) NOT NULL,
  `datetime` datetime NOT NULL DEFAULT CURRENT_TIMESTAMP
) ENGINE=InnoDB DEFAULT CHARSET=latin1;

--
-- Dumping data for table `bill_t`
--

INSERT INTO `bill_t` (`CashierID`, `CashierName`, `BillId`, `total`, `date`, `datetime`) VALUES
(200, 'ahmed', 1, 276.2, '2017-09-28', '2017-09-21 09:31:35'),
(200, 'ahmed', 2, 162.5, '2017-09-25', '2017-09-24 14:57:18'),
(200, 'ahmed', 2, 162.5, '2017-09-25', '2017-09-24 14:57:18'),
(200, 'Ahmed', 3, 699.1, '2017-12-18', '2017-12-18 11:35:10'),
(200, 'Ahmed', 4, 51932, '', '2017-12-21 23:01:56'),
(200, 'Ahmed', 5, 87324.1, '2017-12-25', '2017-12-25 17:36:27'),
(200, 'Ahmed', 6, 7647, '2017-12-27', '2017-12-27 18:50:45'),
(200, 'Ahmed', 7, 5410, '2017-12-30', '2017-12-30 15:15:35'),
(200, 'Ahmed', 8, 1090, '2018-01-04', '2018-01-04 15:25:22'),
(200, 'Ahmed', 9, 525, '2018-01-09', '2018-01-09 18:51:08'),
(203, 'Junior', 10, 239.2, '2018-02-10', '2018-02-10 22:37:06'),
(200, 'Ahmed', 11, 10, '2018-02-20', '2018-02-20 14:53:55'),
(200, 'Ahmed', 12, 50, '', '2018-02-20 15:52:07'),
(200, 'Ahmed', 13, 1560, '2018-02-20', '2018-02-20 16:19:50'),
(200, 'Ahmed', 14, 10, '2018-02-20', '2018-02-20 16:20:28'),
(200, 'Ahmed', 15, 10, '', '2018-02-20 16:21:53'),
(200, 'Ahmed', 16, 1569.6, '2018-02-20', '2018-02-20 16:24:44'),
(200, 'Ahmed', 17, 1500, '2018-02-20', '2018-02-20 16:25:23'),
(200, 'Ahmed', 18, 494.1, '', '2018-02-20 19:00:07'),
(200, 'Ahmed', 19, 129.5, '2018-02-25', '2018-02-25 18:47:56'),
(200, 'Ahmed', 20, 10, '2018-02-25', '2018-02-26 10:50:01'),
(200, 'Ahmed', 21, 76, '', '2018-03-21 10:09:08'),
(200, 'Ahmed', 22, 152, '', '2018-04-03 01:24:08'),
(200, 'Ahmed', 23, 152, '2018-04-03', '2018-04-03 01:28:08'),
(200, 'Ahmed', 24, 270, '2018-04-17', '2018-04-17 13:41:12'),
(200, 'Ahmed', 25, 534, '2018-04-20', '2018-04-20 14:38:54'),
(200, 'Ahmed', 26, 10140, '2018-04-20', '2018-04-20 15:55:39'),
(202, 'Admin', 27, 190, '2018-04-20', '2018-04-20 16:04:27');

-- --------------------------------------------------------

--
-- Table structure for table `cashier`
--

CREATE TABLE `cashier` (
  `cashierid` int(4) NOT NULL,
  `name` varchar(255) CHARACTER SET latin1 COLLATE latin1_general_cs NOT NULL,
  `number` varchar(12) NOT NULL,
  `Email` varchar(40) NOT NULL,
  `address` varchar(255) NOT NULL,
  `password` varchar(255) CHARACTER SET latin1 COLLATE latin1_general_cs NOT NULL,
  `Role` varchar(10) CHARACTER SET latin1 COLLATE latin1_general_cs NOT NULL,
  `Date` date NOT NULL,
  `Date/Time` datetime NOT NULL DEFAULT CURRENT_TIMESTAMP
) ENGINE=InnoDB DEFAULT CHARSET=latin1;

--
-- Dumping data for table `cashier`
--

INSERT INTO `cashier` (`cashierid`, `name`, `number`, `Email`, `address`, `password`, `Role`, `Date`, `Date/Time`) VALUES
(200, 'Ahmed', '272185090', '', 'p.o.box ts 367 teshie Accra Ghana', '1234', 'CASH', '2017-08-20', '2017-08-20 15:39:15'),
(202, 'Admin', '272185090', '', 'TESHIE', '1234', 'ADMIN', '2017-08-21', '2017-08-21 10:06:04'),
(203, 'Junior', '2147483647', '', 'p o box ts 367', '1234', 'CASH', '2017-12-17', '2017-12-17 16:35:09'),
(204, 'LAMERE', '272150850', 'ogua.ahmed@yahoo.com', 'P O BOX TS 367', '1345', 'cash', '2018-02-25', '2018-02-25 19:22:04'),
(205, 'OGUA', '272185090', 'ogua.ahmed12@yahoo.com', 'P O BOX TS 267', '1324', 'cash', '2018-02-25', '2018-02-25 19:27:25'),
(206, 'Lamere', '208129151', 'ogua.ahmed12@yahoo.com', 'p o box ts 367', 'senior', 'cash', '2018-04-09', '2018-04-09 09:22:02');

-- --------------------------------------------------------

--
-- Table structure for table `issues`
--

CREATE TABLE `issues` (
  `id` int(11) NOT NULL,
  `fullname` varchar(30) NOT NULL,
  `Type` varchar(255) NOT NULL,
  `Issue` text NOT NULL,
  `datetime` timestamp NOT NULL DEFAULT CURRENT_TIMESTAMP,
  `Seen` int(11) NOT NULL DEFAULT '0'
) ENGINE=InnoDB DEFAULT CHARSET=latin1;

--
-- Dumping data for table `issues`
--

INSERT INTO `issues` (`id`, `fullname`, `Type`, `Issue`, `datetime`, `Seen`) VALUES
(1, 'Ahmed Ogua', 'Urgent', 'printers not printing', '2018-02-25 20:24:37', 1),
(2, 'Ahmed Ogua', 'Urgent', 'comuputers Freeshing', '2018-02-25 20:25:07', 0);

-- --------------------------------------------------------

--
-- Table structure for table `logintime`
--

CREATE TABLE `logintime` (
  `id` int(11) NOT NULL,
  `name` varchar(255) NOT NULL,
  `cashid` int(12) NOT NULL,
  `logintime` varchar(255) NOT NULL,
  `logindate` varchar(255) NOT NULL,
  `LogoutTime` varchar(255) NOT NULL,
  `Role` varchar(40) NOT NULL
) ENGINE=InnoDB DEFAULT CHARSET=latin1;

--
-- Dumping data for table `logintime`
--

INSERT INTO `logintime` (`id`, `name`, `cashid`, `logintime`, `logindate`, `LogoutTime`, `Role`) VALUES
(1, 'Ahmed', 200, '22:19:31', '2018-02-10', '22:19:55', 'CASH'),
(2, 'Admin', 202, '22:21:02', '2018-02-10', '22:35:23', 'ADMIN'),
(3, 'Junior', 203, '22:36:04', '2018-02-10', '22:37:37', 'CASH'),
(18, 'Admin', 202, '18:55:15', '2018-02-25', '', 'ADMIN'),
(19, 'Admin', 202, '19:31:12', '2018-02-25', '21:08:51', 'ADMIN'),
(20, 'Admin', 202, '21:10:24', '2018-02-25', '', 'ADMIN'),
(21, 'Admin', 202, '21:11:52', '2018-02-25', '21:44:47', 'ADMIN'),
(22, 'Ahmed', 200, '10:46:48', '2018-02-26', '10:51:37', 'CASH'),
(23, 'Admin', 202, '08:19:00', '2018-03-02', '', 'ADMIN'),
(24, 'Admin', 202, '12:48:44', '2018-03-02', '13:45:26', 'ADMIN'),
(25, 'Ahmed', 200, '13:47:04', '2018-03-02', '13:50:55', 'CASH'),
(26, 'Ahmed', 200, '13:52:04', '2018-03-02', '', 'CASH'),
(27, 'Ahmed', 200, '18:51:46', '2018-03-05', '18:52:51', 'CASH'),
(28, 'Ahmed', 200, '22:31:07', '2018-03-14', '', 'CASH'),
(29, 'Ahmed', 200, '16:32:12', '2018-03-16', '16:34:04', 'CASH'),
(30, 'Ahmed', 200, '12:50:06', '2018-03-17', '13:16:03', 'CASH'),
(31, 'Ahmed', 200, '13:12:54', '2018-03-17', '13:13:52', 'CASH'),
(32, 'Ahmed', 200, '13:14:15', '2018-03-17', '13:16:17', 'CASH'),
(33, 'Admin', 202, '13:22:52', '2018-03-17', '13:23:34', 'ADMIN'),
(34, 'Ahmed', 200, '15:20:30', '2018-03-17', '15:29:18', 'CASH'),
(35, 'Admin', 202, '15:29:43', '2018-03-17', '15:44:41', 'ADMIN'),
(36, 'Ahmed', 200, '12:05:19', '2018-03-19', '12:09:40', 'CASH'),
(37, 'Ahmed', 200, '18:38:59', '2018-03-19', '', 'CASH'),
(38, 'Ahmed', 200, '18:42:54', '2018-03-19', '19:48:08', 'CASH'),
(39, 'Admin', 202, '18:43:29', '2018-03-19', '19:48:02', 'ADMIN'),
(40, 'Ahmed', 200, '22:36:30', '2018-03-19', '23:22:38', 'CASH'),
(41, 'Ahmed', 200, '12:29:07', '2018-03-20', '', 'CASH'),
(42, 'Ahmed', 200, '23:37:08', '2018-03-20', '23:49:25', 'CASH'),
(43, 'Ahmed', 200, '23:51:07', '2018-03-20', '23:54:41', 'CASH'),
(44, 'Ahmed', 200, '10:07:24', '2018-03-21', '10:09:47', 'CASH'),
(45, 'Ahmed', 200, '09:33:24', '2018-03-22', '09:52:28', 'CASH'),
(46, 'Admin', 202, '20:33:53', '2018-03-28', '20:35:18', 'ADMIN'),
(47, 'Ahmed', 200, '20:39:00', '2018-03-28', '20:51:11', 'CASH'),
(48, 'Ahmed', 200, '12:47:44', '2018-03-29', '', 'CASH'),
(49, 'Ahmed', 200, '12:58:33', '2018-03-29', '13:20:48', 'CASH'),
(50, 'Admin', 202, '16:51:16', '2018-03-29', '16:53:53', 'ADMIN'),
(51, 'Ahmed', 200, '16:54:08', '2018-03-29', '16:55:02', 'CASH'),
(52, 'Ahmed', 200, '21:41:22', '2018-04-02', '21:41:53', 'CASH'),
(53, 'Ahmed', 200, '00:45:01', '2018-04-03', '01:29:27', 'CASH'),
(54, 'Ahmed', 200, '00:59:47', '2018-04-03', '01:30:46', 'CASH'),
(55, 'Ahmed', 200, '01:16:06', '2018-04-03', '01:31:16', 'CASH'),
(56, 'Ahmed', 200, '14:27:21', '2018-04-03', '14:42:31', 'CASH'),
(57, 'Ahmed', 200, '15:06:01', '2018-04-03', '15:12:57', 'CASH'),
(58, 'Ahmed', 200, '16:34:41', '2018-04-03', '17:19:46', 'CASH'),
(59, 'Admin', 202, '17:06:06', '2018-04-03', '', 'ADMIN'),
(60, 'Ahmed', 200, '17:19:56', '2018-04-03', '17:21:00', 'CASH'),
(61, 'Admin', 202, '17:21:16', '2018-04-03', '', 'ADMIN'),
(62, 'Ahmed', 200, '14:16:26', '2018-04-06', '14:16:40', 'CASH'),
(63, 'Ahmed', 200, '14:16:54', '2018-04-06', '14:29:35', 'CASH'),
(64, 'Ahmed', 200, '11:36:09', '2018-04-07', '11:37:11', 'CASH'),
(65, 'Ahmed', 200, '08:27:21', '2018-04-09', '', 'CASH'),
(66, 'Admin', 202, '08:45:20', '2018-04-09', '10:21:33', 'ADMIN'),
(67, 'Ahmed', 200, '09:12:36', '2018-04-09', '', 'CASH'),
(68, 'Admin', 202, '10:52:07', '2018-04-09', '', 'ADMIN'),
(69, 'Admin', 202, '19:12:42', '2018-04-09', '19:38:08', 'ADMIN'),
(70, 'Admin', 202, '21:02:36', '2018-04-15', '21:36:38', 'ADMIN'),
(71, 'Ahmed', 200, '21:03:50', '2018-04-15', '21:52:05', 'CASH'),
(72, 'Ahmed', 200, '09:02:07', '2018-04-17', '10:12:19', 'CASH'),
(73, 'Ahmed', 200, '13:40:59', '2018-04-17', '', 'CASH'),
(74, 'Ahmed', 200, '13:58:20', '2018-04-17', '', 'CASH'),
(75, 'Ahmed', 200, '14:27:31', '2018-04-20', '', 'CASH'),
(76, 'Admin', 202, '14:34:49', '2018-04-20', '', 'ADMIN'),
(77, 'Ahmed', 200, '15:43:34', '2018-04-20', '15:57:01', 'CASH'),
(78, 'Admin', 202, '15:57:53', '2018-04-20', '16:08:15', 'ADMIN'),
(79, 'Ahmed', 200, '22:36:41', '2018-04-22', '22:37:06', 'CASH'),
(80, 'Admin', 202, '22:37:44', '2018-04-22', '22:57:34', 'ADMIN'),
(81, 'Admin', 202, '22:57:44', '2018-04-22', '00:41:55', 'ADMIN'),
(82, 'Admin', 202, '00:42:10', '2018-04-23', '00:54:18', 'ADMIN'),
(83, 'Admin', 202, '00:50:15', '2018-04-23', '00:51:33', 'ADMIN'),
(84, 'Admin', 202, '19:07:00', '2018-06-05', '19:07:38', 'ADMIN');

-- --------------------------------------------------------

--
-- Table structure for table `product`
--

CREATE TABLE `product` (
  `ProductId` int(5) NOT NULL,
  `Barcode` varchar(255) NOT NULL,
  `name` varchar(255) NOT NULL,
  `Quantity` int(10) NOT NULL,
  `Amount` float NOT NULL,
  `Discount` int(40) NOT NULL,
  `Desciption` varchar(255) NOT NULL,
  `dates` date NOT NULL,
  `Date` datetime NOT NULL DEFAULT CURRENT_TIMESTAMP
) ENGINE=InnoDB DEFAULT CHARSET=latin1;

--
-- Dumping data for table `product`
--

INSERT INTO `product` (`ProductId`, `Barcode`, `name`, `Quantity`, `Amount`, `Discount`, `Desciption`, `dates`, `Date`) VALUES
(500, '0', 'Book', 341, 10, 0, 'white book', '0000-00-00', '2017-08-17 02:10:15'),
(501, '0', 'Gucci Shoe', 10, 20, 0, 'Gucci Shoe', '2017-08-21', '2017-08-21 10:08:42'),
(502, '0', 'usb keyboard', 92, 10, 0, 'usb keyboard', '2017-08-21', '2017-08-21 10:19:44'),
(503, '0', 'PS2 kEYBOARD', 9, 30, 0, 'PS2 kEYBOARD', '2017-08-21', '2017-08-21 10:20:23'),
(504, '0', 'Bag', 211, 90, 0, 'black Bag', '2017-12-17', '2017-12-17 19:42:32'),
(505, '0', 'LED TV', 1, 1500, 0, '32 INCH TELE', '2017-12-17', '2017-12-17 19:47:48'),
(506, '0', 'LAPTOP', 552, 1500, 0, 'DELL LAPTOP', '2018-02-25', '2018-02-25 19:58:46'),
(508, '6224000250980\r\n', 'NON DIARY CREAMER', 28, 40, 5, 'ATONA NON DIARY CREAMER', '2018-03-19', '2018-03-19 19:00:21'),
(509, '6034000181043', 'BEL AQUA DRINKING WATER', 8877, 20, 0, 'BELL AQUA BOTTLE DRINKING WATER', '2018-03-19', '2018-03-19 19:31:28'),
(510, '5015163001752', 'KILIT INSECTICIDE', 399, 10, 0, 'Mosquito Spray', '2018-03-28', '2018-03-28 20:35:14'),
(511, '091066', 'Keyboard', 200, 10, 0, 'black keyboard', '2018-03-29', '2018-03-29 16:53:35'),
(512, '6034000180107', 'Beta Malt', 430, 10, 0, 'beta mait drink', '2018-04-20', '2018-04-20 14:36:10');

-- --------------------------------------------------------

--
-- Table structure for table `products`
--

CREATE TABLE `products` (
  `id` int(11) NOT NULL,
  `Barcode` varchar(255) NOT NULL,
  `Product` varchar(255) NOT NULL,
  `PriceIn` varchar(255) NOT NULL,
  `PriceOut` varchar(255) NOT NULL,
  `Quantity` varchar(255) NOT NULL,
  `Date` varchar(255) NOT NULL,
  `Total` float NOT NULL,
  `Date/Time` datetime DEFAULT CURRENT_TIMESTAMP
) ENGINE=InnoDB DEFAULT CHARSET=latin1;

--
-- Dumping data for table `products`
--

INSERT INTO `products` (`id`, `Barcode`, `Product`, `PriceIn`, `PriceOut`, `Quantity`, `Date`, `Total`, `Date/Time`) VALUES
(3, '3737', 'sheet', '200', '400', '2033', '2017-08-15', 200400, '2017-08-15 22:02:26');

-- --------------------------------------------------------

--
-- Table structure for table `sale`
--

CREATE TABLE `sale` (
  `id` int(11) NOT NULL,
  `BillId` int(5) NOT NULL,
  `Productid` varchar(255) NOT NULL,
  `name` varchar(255) NOT NULL,
  `Price` varchar(255) NOT NULL,
  `Quantity` int(11) NOT NULL,
  `Discount` int(2) NOT NULL,
  `Total` varchar(255) CHARACTER SET latin1 COLLATE latin1_general_cs NOT NULL,
  `date` varchar(255) NOT NULL,
  `Date/time` datetime NOT NULL DEFAULT CURRENT_TIMESTAMP
) ENGINE=InnoDB DEFAULT CHARSET=latin1;

--
-- Dumping data for table `sale`
--

INSERT INTO `sale` (`id`, `BillId`, `Productid`, `name`, `Price`, `Quantity`, `Discount`, `Total`, `date`, `Date/time`) VALUES
(1, 1, '500', 'Book', '10', 1, 1, '9.9', '2017-09-21', '2017-09-21 01:29:45'),
(2, 1, '501', 'Shoe', '20', 2, 2, '39.2', '2017-09-21', '2017-09-21 01:30:24'),
(3, 1, '501', 'Shoe', '20', 2, 2, '39.2', '2017-09-21', '2017-09-21 01:30:24'),
(4, 1, '502', 'Keyboard', '10', 2, 3, '19.4', '2017-09-21', '2017-09-21 01:30:50'),
(5, 1, '500', 'Book', '10', 2, 1, '19.8', '2017-09-21', '2017-09-21 08:55:22'),
(6, 1, '500', 'Book', '10', 2, 0, '20', '2017-09-21', '2017-09-21 09:00:51'),
(7, 1, '500', 'Book', '10', 1, 1, '9.9', '2017-09-21', '2017-09-21 09:17:55'),
(8, 1, '500', 'Book', '10', 1, 1, '9.9', '2017-09-21', '2017-09-21 09:18:52'),
(9, 1, '501', 'Shoe', '20', 5, 1, '99', '2017-09-21', '2017-09-21 09:25:10'),
(10, 1, '500', 'Book', '10', 1, 1, '9.9', '2017-09-28', '2017-09-21 09:31:31'),
(11, 2, '500', 'Book', '10', 1, 0, '10', '2017-09-24', '2017-09-24 14:56:46'),
(12, 2, '500', 'Book', '10', 1, 0, '10', '2017-09-24', '2017-09-24 14:56:47'),
(13, 2, '503', 'Keyboard', '30', 5, 5, '142.5', '2017-09-25', '2017-09-24 14:57:15'),
(14, 3, '503', 'Keyboard', '30', 3, 1, '89.1', '2017-12-18', '2017-12-18 09:20:21'),
(15, 3, '500', 'Book', '10', 2, 0, '20', '2017-12-18', '2017-12-18 09:20:39'),
(16, 3, '504', 'Shoe', '90', 10, 40, '540', '2017-12-18', '2017-12-18 09:21:15'),
(17, 3, '500', 'Book', '10', 5, 0, '50', '2017-12-18', '2017-12-18 10:56:42'),
(18, 4, '500', 'Book', '10', 1, 0, '10', '2017-12-19', '2017-12-19 10:01:24'),
(19, 4, '502', 'Keyboard', '10', 10, 10, '90', '2017-12-19', '2017-12-19 10:01:47'),
(20, 4, '504', 'Shoe', '90', 1, 0, '90', '2017-12-19', '2017-12-19 10:02:10'),
(21, 4, '501', 'Shoe', '20', 50, 5, '950', '2017-12-19', '2017-12-19 10:02:34'),
(22, 4, '503', 'Keyboard', '30', 60, 40, '1080', '2017-12-19', '2017-12-19 10:03:10'),
(23, 4, '500', 'Book', '10', 100, 10, '900', '2017-12-19', '2017-12-19 10:08:14'),
(24, 4, '505', 'LED TV', '1500', 2, 40, '1800', '2017-12-19', '2017-12-19 10:09:22'),
(25, 4, '502', 'Keyboard', '10', 50, 5, '475', '2017-12-19', '2017-12-19 10:11:19'),
(26, 4, '501', 'Shoe', '20', 1000, 50, '10000', '2017-12-19', '2017-12-19 10:22:57'),
(27, 4, '505', 'LED TV', '1500', 12, 0, '18000', '2017-12-19', '2017-12-19 10:27:24'),
(28, 4, '500', 'Book', '10', 12, 0, '120', '2017-12-19', '2017-12-19 10:27:57'),
(29, 4, '505', 'LED TV', '1500', 12, 0, '18000', '2017-12-19', '2017-12-19 10:28:52'),
(30, 4, '502', 'Keyboard', '10', 12, 0, '120', '2017-12-19', '2017-12-19 10:30:04'),
(31, 4, '503', 'Keyboard', '30', 10, 1, '297', '2017-12-20', '2017-12-20 08:59:19'),
(32, 5, '504', 'Shoe', '90', 5, 1, '445.5', '2017-12-25', '2017-12-25 17:32:53'),
(33, 5, '500', 'Book', '10', 2, 1, '19.8', '2017-12-25', '2017-12-25 17:33:56'),
(34, 5, '502', 'Keyboard', '10', 10, 0, '100', '2017-12-25', '2017-12-25 17:34:08'),
(35, 5, '503', 'Keyboard', '30', 20, 5, '570', '2017-12-25', '2017-12-25 17:34:28'),
(36, 5, '504', 'Shoe', '90', 100, 40, '5400', '2017-12-25', '2017-12-25 17:34:46'),
(37, 5, '500', 'Book', '10', 1, 0, '10', '2017-12-25', '2017-12-25 17:35:05'),
(38, 5, '505', 'LED TV', '1500', 1, 0, '1500', '2017-12-25', '2017-12-25 17:35:14'),
(39, 5, '501', 'Shoe', '20', 1, 0, '20', '2017-12-25', '2017-12-25 17:35:23'),
(40, 5, '501', 'Shoe', '20', 3, 2, '58.8', '2017-12-25', '2017-12-25 17:35:34'),
(41, 5, '504', 'Shoe', '90', 110, 50, '4950', '2017-12-25', '2017-12-25 17:36:00'),
(42, 5, '505', 'LED TV', '1500', 50, 1, '74250', '2017-12-25', '2017-12-25 17:36:24'),
(43, 6, '504', 'Shoe', '90', 1, 0, '90', '2017-12-27', '2017-12-27 18:49:53'),
(44, 6, '505', 'LED TV', '1500', 5, 0, '7500', '2017-12-27', '2017-12-27 18:50:13'),
(45, 6, '500', 'Book', '10', 6, 5, '57', '2017-12-27', '2017-12-27 18:50:35'),
(46, 7, '500', 'Book', '10', 1, 0, '10', '2017-12-30', '2017-12-30 15:15:07'),
(47, 7, '505', 'LED TV', '1500', 6, 40, '5400', '2017-12-30', '2017-12-30 15:15:27'),
(48, 8, '500', 'Book', '10', 10, 0, '100', '2018-01-04', '2018-01-04 15:24:29'),
(49, 8, '504', 'Shoe', '90', 1, 0, '90', '2018-01-04', '2018-01-04 15:24:48'),
(50, 8, '505', 'LED TV', '1500', 1, 40, '900', '2018-01-04', '2018-01-04 15:25:08'),
(51, 9, '500', 'Book', '10', 3, 0, '30', '2018-01-09', '2018-01-09 18:36:22'),
(53, 9, '504', 'Shoe', '90', 5, 1, '445.5', '2018-01-09', '2018-01-09 18:49:38'),
(54, 9, '502', 'Keyboard', '10', 5, 1, '49.5', '2018-01-09', '2018-01-09 18:49:58'),
(56, 10, '500', 'Book', '10', 1, 1, '9.9', '2018-01-15', '2018-01-15 15:42:30'),
(57, 10, '502', 'Keyboard', '10', 3, 2, '29.4', '2018-01-15', '2018-01-15 15:42:47'),
(58, 10, '500', 'Book', '10', 1, 1, '9.9', '2018-01-18', '2018-01-15 15:44:25'),
(59, 10, '500', 'Book', '10', 1, 0, '10', '2018-02-10', '2018-02-10 22:36:32'),
(60, 10, '504', 'Shoe', '90', 2, 0, '180', '2018-02-10', '2018-02-10 22:36:59'),
(61, 11, '500', 'Book', '10', 1, 0, '10', '2018-02-20', '2018-02-20 14:53:42'),
(62, 12, '502', 'Keyboard', '10', 2, 0, '20', '2018-02-20', '2018-02-20 14:54:44'),
(63, 12, '502', 'Keyboard', '10', 2, 0, '20', '2018-02-20', '2018-02-20 14:54:45'),
(64, 12, '500', 'Book', '10', 1, 0, '10', '2018-02-20', '2018-02-20 15:28:41'),
(66, 13, '500', 'Book', '10', 1, 0, '10', '2018-02-20', '2018-02-20 15:52:58'),
(72, 13, '505', 'LED TV', '1500', 1, 0, '1500', '2018-02-20', '2018-02-20 16:17:23'),
(73, 13, '501', 'Shoe', '20', 1, 0, '20', '2018-02-20', '2018-02-20 16:18:40'),
(74, 13, '503', 'Keyboard', '30', 1, 0, '30', '2018-02-20', '2018-02-20 16:18:58'),
(75, 14, '500', 'Book', '10', 1, 0, '10', '2018-02-20', '2018-02-20 16:20:23'),
(76, 15, '502', 'Keyboard', '10', 1, 0, '10', '2018-02-20', '2018-02-20 16:20:53'),
(77, 16, '503', 'Keyboard', '30', 1, 0, '30', '2018-02-20', '2018-02-20 16:22:50'),
(78, 16, '505', 'LED TV', '1500', 1, 0, '1500', '2018-02-20', '2018-02-20 16:24:19'),
(79, 16, '501', 'Shoe', '20', 2, 1, '39.6', '2018-02-20', '2018-02-20 16:24:41'),
(80, 17, '505', 'LED TV', '1500', 1, 0, '1500', '2018-02-20', '2018-02-20 16:25:15'),
(81, 18, '504', 'Shoe', '90', 1, 1, '89.1', '2018-02-20', '2018-02-20 18:18:44'),
(82, 18, '504', 'Shoe', '90', 5, 10, '405', '2018-02-20', '2018-02-20 18:27:53'),
(83, 19, '500', 'Book', '10', 1, 5, '9.5', '2018-02-25', '2018-02-25 18:47:34'),
(84, 19, '503', 'Keyboard', '30', 1, 0, '30', '2018-02-25', '2018-02-25 18:47:44'),
(85, 19, '504', 'Shoe', '90', 1, 0, '90', '2018-02-25', '2018-02-25 18:47:53'),
(86, 20, '500', 'Book', '10', 1, 0, '10', '2018-02-25', '2018-02-26 10:49:21'),
(112, 21, '6224000250980', 'NON DIARY CREAMER', '40', 1, 5, '38', '2018-03-21', '2018-03-21 10:07:56'),
(117, 21, '6224000250980', 'NON DIARY CREAMER', '40', 1, 5, '38', '2018-03-21', '2018-03-21 10:08:06'),
(124, 22, '6224000250980', 'NON DIARY CREAMER', '40', 1, 5, '38', '2018-03-28', '2018-03-28 20:39:44'),
(127, 22, '6224000250980', 'NON DIARY CREAMER', '40', 2, 5, '76', '2018-04-03', '2018-04-03 01:23:42'),
(128, 22, '6224000250980', 'NON DIARY CREAMER', '40', 1, 5, '38', '2018-04-03', '2018-04-03 01:24:02'),
(129, 23, '6224000250980', 'NON DIARY CREAMER', '40', 1, 5, '38', '2018-04-03', '2018-04-03 01:27:46'),
(130, 23, '6224000250980', 'NON DIARY CREAMER', '40', 1, 5, '38', '2018-04-03', '2018-04-03 01:27:54'),
(131, 23, '6224000250980', 'NON DIARY CREAMER', '40', 1, 5, '38', '2018-04-03', '2018-04-03 01:28:01'),
(132, 23, '6224000250980', 'NON DIARY CREAMER', '40', 1, 5, '38', '2018-04-03', '2018-04-03 01:28:06'),
(134, 24, '6224000250980', 'NON DIARY CREAMER', '40', 1, 5, '38', '2018-04-15', '2018-04-15 21:20:52'),
(135, 24, '6224000250980', 'NON DIARY CREAMER', '40', 1, 5, '38', '2018-04-17', '2018-04-17 09:16:13'),
(136, 24, '6224000250980', 'NON DIARY CREAMER', '40', 1, 5, '38', '2018-04-17', '2018-04-17 09:16:26'),
(137, 24, '6034000181043', 'BEL AQUA DRINKING WATER', '20', 1, 0, '20', '2018-04-17', '2018-04-17 09:17:25'),
(138, 24, '6034000181043', 'BEL AQUA DRINKING WATER', '20', 1, 0, '20', '2018-04-17', '2018-04-17 09:17:30'),
(139, 24, '6034000181043', 'BEL AQUA DRINKING WATER', '20', 1, 0, '20', '2018-04-17', '2018-04-17 09:17:35'),
(140, 24, '6224000250980', 'NON DIARY CREAMER', '40', 1, 5, '38', '2018-04-17', '2018-04-17 09:17:49'),
(141, 24, '6224000250980', 'NON DIARY CREAMER', '40', 1, 5, '38', '2018-04-17', '2018-04-17 09:17:53'),
(142, 24, '6034000181043', 'BEL AQUA DRINKING WATER', '20', 1, 0, '20', '2018-04-17', '2018-04-17 09:30:13'),
(143, 24, '6034000181043', 'BEL AQUA DRINKING WATER', '20', 1, 0, '20', '2018-04-17', '2018-04-17 13:41:30'),
(156, 25, '6224000250980', 'NON DIARY CREAMER', '40', 1, 5, '38', '2018-04-17', '2018-04-17 14:24:25'),
(157, 25, '6224000250980', 'NON DIARY CREAMER', '40', 1, 5, '38', '2018-04-17', '2018-04-17 14:24:29'),
(158, 25, '6224000250980', 'NON DIARY CREAMER', '40', 6, 5, '228', '2018-04-17', '2018-04-17 14:24:45'),
(159, 25, '6034000180107', 'Beta Malt', '10', 1, 0, '10', '2018-04-20', '2018-04-20 14:36:28'),
(160, 25, '6034000180107', 'Beta Malt', '10', 1, 0, '10', '2018-04-20', '2018-04-20 14:36:31'),
(161, 25, '6034000180107', 'Beta Malt', '10', 1, 0, '10', '2018-04-20', '2018-04-20 14:36:49'),
(162, 25, '6034000180107', 'Beta Malt', '10', 1, 0, '10', '2018-04-20', '2018-04-20 14:36:53'),
(163, 25, '6034000180107', 'Beta Malt', '10', 19, 0, '190', '2018-04-20', '2018-04-20 14:37:25'),
(164, 26, '6034000180107', 'Beta Malt', '10', 1, 0, '10', '2018-04-20', '2018-04-20 15:49:27'),
(165, 26, '6034000180107', 'Beta Malt', '10', 1, 0, '10', '2018-04-20', '2018-04-20 15:52:00'),
(166, 26, '6034000180107', 'Beta Malt', '10', 1, 0, '10', '2018-04-20', '2018-04-20 15:52:04'),
(167, 26, '6034000180107', 'Beta Malt', '10', 1, 0, '10', '2018-04-20', '2018-04-20 15:52:10'),
(168, 26, '6034000180107', 'Beta Malt', '10', 1, 0, '10', '2018-04-20', '2018-04-20 15:52:16'),
(169, 26, '6034000180107', 'Beta Malt', '10', 1, 0, '10', '2018-04-20', '2018-04-20 15:52:17'),
(170, 26, '6034000180107', 'Beta Malt', '10', 1, 0, '10', '2018-04-20', '2018-04-20 15:52:18'),
(171, 26, '6034000180107', 'Beta Malt', '10', 1, 0, '10', '2018-04-20', '2018-04-20 15:52:19'),
(172, 26, '6034000180107', 'Beta Malt', '10', 1, 0, '10', '2018-04-20', '2018-04-20 15:52:19'),
(173, 26, '6034000180107', 'Beta Malt', '10', 1, 0, '10', '2018-04-20', '2018-04-20 15:52:20'),
(174, 26, '6034000180107', 'Beta Malt', '10', 1, 0, '10', '2018-04-20', '2018-04-20 15:52:22'),
(175, 26, '6034000180107', 'Beta Malt', '10', 1, 0, '10', '2018-04-20', '2018-04-20 15:52:29'),
(176, 26, '6034000180107', 'Beta Malt', '10', 1, 0, '10', '2018-04-20', '2018-04-20 15:52:31'),
(177, 26, '6034000180107', 'Beta Malt', '10', 1, 0, '10', '2018-04-20', '2018-04-20 15:52:33'),
(178, 26, '6034000180107', 'Beta Malt', '10', 1000, 0, '10000', '2018-04-20', '2018-04-20 15:53:02'),
(179, 27, '6034000180107', 'Beta Malt', '10', 1, 0, '10', '2018-04-20', '2018-04-20 16:02:47'),
(180, 27, '6034000180107', 'Beta Malt', '10', 1, 0, '10', '2018-04-20', '2018-04-20 16:02:49'),
(181, 27, '6034000180107', 'Beta Malt', '10', 1, 0, '10', '2018-04-20', '2018-04-20 16:02:52'),
(182, 27, '6034000180107', 'Beta Malt', '10', 1, 0, '10', '2018-04-20', '2018-04-20 16:02:53'),
(183, 27, '6034000180107', 'Beta Malt', '10', 1, 0, '10', '2018-04-20', '2018-04-20 16:02:55'),
(184, 27, '6034000180107', 'Beta Malt', '10', 1, 0, '10', '2018-04-20', '2018-04-20 16:02:56'),
(185, 27, '6034000180107', 'Beta Malt', '10', 1, 0, '10', '2018-04-20', '2018-04-20 16:03:06'),
(186, 27, '6034000180107', 'Beta Malt', '10', 1, 0, '10', '2018-04-20', '2018-04-20 16:03:41'),
(187, 27, '6034000180107', 'Beta Malt', '10', 1, 0, '10', '2018-04-20', '2018-04-20 16:03:42'),
(188, 27, '6034000180107', 'Beta Malt', '10', 1, 0, '10', '2018-04-20', '2018-04-20 16:03:44'),
(189, 27, '6034000180107', 'Beta Malt', '10', 1, 0, '10', '2018-04-20', '2018-04-20 16:03:47'),
(190, 27, '6034000180107', 'Beta Malt', '10', 1, 0, '10', '2018-04-20', '2018-04-20 16:03:48'),
(191, 27, '6034000180107', 'Beta Malt', '10', 1, 0, '10', '2018-04-20', '2018-04-20 16:03:49'),
(192, 27, '6034000180107', 'Beta Malt', '10', 1, 0, '10', '2018-04-20', '2018-04-20 16:03:50'),
(193, 27, '6034000180107', 'Beta Malt', '10', 1, 0, '10', '2018-04-20', '2018-04-20 16:03:52'),
(194, 27, '6034000180107', 'Beta Malt', '10', 1, 0, '10', '2018-04-20', '2018-04-20 16:03:53'),
(195, 27, '6034000180107', 'Beta Malt', '10', 1, 0, '10', '2018-04-20', '2018-04-20 16:03:57'),
(196, 27, '6034000180107', 'Beta Malt', '10', 1, 0, '10', '2018-04-20', '2018-04-20 16:04:01'),
(197, 27, '6034000180107', 'Beta Malt', '10', 1, 0, '10', '2018-04-20', '2018-04-20 16:04:04');

--
-- Indexes for dumped tables
--

--
-- Indexes for table `admin`
--
ALTER TABLE `admin`
  ADD PRIMARY KEY (`id`);

--
-- Indexes for table `bilids_t`
--
ALTER TABLE `bilids_t`
  ADD PRIMARY KEY (`id`);

--
-- Indexes for table `bill_t`
--
ALTER TABLE `bill_t`
  ADD KEY `bill_FK` (`CashierID`);

--
-- Indexes for table `cashier`
--
ALTER TABLE `cashier`
  ADD PRIMARY KEY (`cashierid`);

--
-- Indexes for table `issues`
--
ALTER TABLE `issues`
  ADD PRIMARY KEY (`id`);

--
-- Indexes for table `logintime`
--
ALTER TABLE `logintime`
  ADD PRIMARY KEY (`id`);

--
-- Indexes for table `product`
--
ALTER TABLE `product`
  ADD PRIMARY KEY (`ProductId`);

--
-- Indexes for table `products`
--
ALTER TABLE `products`
  ADD PRIMARY KEY (`id`);

--
-- Indexes for table `sale`
--
ALTER TABLE `sale`
  ADD PRIMARY KEY (`id`);

--
-- AUTO_INCREMENT for dumped tables
--

--
-- AUTO_INCREMENT for table `admin`
--
ALTER TABLE `admin`
  MODIFY `id` int(11) NOT NULL AUTO_INCREMENT, AUTO_INCREMENT=2;

--
-- AUTO_INCREMENT for table `bilids_t`
--
ALTER TABLE `bilids_t`
  MODIFY `id` int(11) NOT NULL AUTO_INCREMENT, AUTO_INCREMENT=40;

--
-- AUTO_INCREMENT for table `issues`
--
ALTER TABLE `issues`
  MODIFY `id` int(11) NOT NULL AUTO_INCREMENT, AUTO_INCREMENT=3;

--
-- AUTO_INCREMENT for table `logintime`
--
ALTER TABLE `logintime`
  MODIFY `id` int(11) NOT NULL AUTO_INCREMENT, AUTO_INCREMENT=85;

--
-- AUTO_INCREMENT for table `products`
--
ALTER TABLE `products`
  MODIFY `id` int(11) NOT NULL AUTO_INCREMENT, AUTO_INCREMENT=4;

--
-- AUTO_INCREMENT for table `sale`
--
ALTER TABLE `sale`
  MODIFY `id` int(11) NOT NULL AUTO_INCREMENT, AUTO_INCREMENT=198;

--
-- Constraints for dumped tables
--

--
-- Constraints for table `bill_t`
--
ALTER TABLE `bill_t`
  ADD CONSTRAINT `bill_FK` FOREIGN KEY (`CashierID`) REFERENCES `cashier` (`cashierid`);
COMMIT;

/*!40101 SET CHARACTER_SET_CLIENT=@OLD_CHARACTER_SET_CLIENT */;
/*!40101 SET CHARACTER_SET_RESULTS=@OLD_CHARACTER_SET_RESULTS */;
/*!40101 SET COLLATION_CONNECTION=@OLD_COLLATION_CONNECTION */;
